Start Date,End Date,Group,Year,Month,State,Age Group,COVID-19 Deaths,Total Deaths,Population
1/1/20,4/24/21,By Total,0.0,0.0,Alabama,Under 5 years,0.0,111.0,294357.0
1/1/20,4/24/21,By Total,0.0,0.0,Alabama,5-14 years,0.0,125.0,608466.0
1/1/20,4/24/21,By Total,0.0,0.0,Alabama,15-24 years,11.0,922.0,635707.0
1/1/20,4/24/21,By Total,0.0,0.0,Alabama,25-34 years,71.0,1726.0,647229.0
1/1/20,4/24/21,By Total,0.0,0.0,Alabama,35-44 years,204.0,2767.0,593306.0
1/1/20,4/24/21,By Total,0.0,0.0,Alabama,45-54 years,572.0,5283.0,616616.0
1/1/20,4/24/21,By Total,0.0,0.0,Alabama,55-64 years,1447.0,12269.0,657667.0
1/1/20,4/24/21,By Total,0.0,0.0,Alabama,65-74 years,2701.0,18465.0,501447.0
1/1/20,4/24/21,By Total,0.0,0.0,Alabama,75-84 years,3014.0,21211.0,256847.0
1/1/20,4/24/21,By Total,0.0,0.0,Alabama,85 years and over,2393.0,19750.0,91543.0
1/1/20,4/24/21,By Total,0.0,0.0,Alaska,Under 5 years,0.0,0.0,51080.0
1/1/20,4/24/21,By Total,0.0,0.0,Alaska,5-14 years,0.0,33.0,100662.0
1/1/20,4/24/21,By Total,0.0,0.0,Alaska,15-24 years,0.0,152.0,96393.0
1/1/20,4/24/21,By Total,0.0,0.0,Alaska,25-34 years,0.0,276.0,117588.0
1/1/20,4/24/21,By Total,0.0,0.0,Alaska,35-44 years,10.0,324.0,95765.0
1/1/20,4/24/21,By Total,0.0,0.0,Alaska,45-54 years,15.0,480.0,85130.0
1/1/20,4/24/21,By Total,0.0,0.0,Alaska,55-64 years,40.0,1013.0,93339.0
1/1/20,4/24/21,By Total,0.0,0.0,Alaska,65-74 years,84.0,1343.0,61300.0
1/1/20,4/24/21,By Total,0.0,0.0,Alaska,75-84 years,94.0,1339.0,23107.0
1/1/20,4/24/21,By Total,0.0,0.0,Alaska,85 years and over,76.0,1155.0,7181.0
1/1/20,4/24/21,By Total,0.0,0.0,Arizona,Under 5 years,0.0,131.0,429788.0
1/1/20,4/24/21,By Total,0.0,0.0,Arizona,5-14 years,0.0,185.0,930745.0
1/1/20,4/24/21,By Total,0.0,0.0,Arizona,15-24 years,44.0,1414.0,973547.0
1/1/20,4/24/21,By Total,0.0,0.0,Arizona,25-34 years,179.0,2749.0,1007093.0
1/1/20,4/24/21,By Total,0.0,0.0,Arizona,35-44 years,401.0,3488.0,896027.0
1/1/20,4/24/21,By Total,0.0,0.0,Arizona,45-54 years,983.0,5959.0,852090.0
1/1/20,4/24/21,By Total,0.0,0.0,Arizona,55-64 years,2261.0,13157.0,880794.0
1/1/20,4/24/21,By Total,0.0,0.0,Arizona,65-74 years,3700.0,21303.0,751699.0
1/1/20,4/24/21,By Total,0.0,0.0,Arizona,75-84 years,4435.0,26591.0,411197.0
1/1/20,4/24/21,By Total,0.0,0.0,Arizona,85 years and over,3515.0,27233.0,145737.0
1/1/20,4/24/21,By Total,0.0,0.0,Arkansas,Under 5 years,0.0,56.0,188464.0
1/1/20,4/24/21,By Total,0.0,0.0,Arkansas,5-14 years,0.0,92.0,393213.0
1/1/20,4/24/21,By Total,0.0,0.0,Arkansas,15-24 years,0.0,530.0,397538.0
1/1/20,4/24/21,By Total,0.0,0.0,Arkansas,25-34 years,34.0,956.0,396868.0
1/1/20,4/24/21,By Total,0.0,0.0,Arkansas,35-44 years,88.0,1631.0,370263.0
1/1/20,4/24/21,By Total,0.0,0.0,Arkansas,45-54 years,256.0,3020.0,361582.0
1/1/20,4/24/21,By Total,0.0,0.0,Arkansas,55-64 years,709.0,7206.0,385994.0
1/1/20,4/24/21,By Total,0.0,0.0,Arkansas,65-74 years,1326.0,10885.0,302829.0
1/1/20,4/24/21,By Total,0.0,0.0,Arkansas,75-84 years,1741.0,12479.0,161141.0
1/1/20,4/24/21,By Total,0.0,0.0,Arkansas,85 years and over,1731.0,12352.0,59912.0
1/1/20,4/24/21,By Total,0.0,0.0,California,Under 5 years,0.0,392.0,2383716.0
1/1/20,4/24/21,By Total,0.0,0.0,California,5-14 years,0.0,659.0,5007987.0
1/1/20,4/24/21,By Total,0.0,0.0,California,15-24 years,135.0,4929.0,5180973.0
1/1/20,4/24/21,By Total,0.0,0.0,California,25-34 years,644.0,9935.0,6052952.0
1/1/20,4/24/21,By Total,0.0,0.0,California,35-44 years,1647.0,13831.0,5282100.0
1/1/20,4/24/21,By Total,0.0,0.0,California,45-54 years,4425.0,25668.0,4979745.0
1/1/20,4/24/21,By Total,0.0,0.0,California,55-64 years,9977.0,56235.0,4786635.0
1/1/20,4/24/21,By Total,0.0,0.0,California,65-74 years,14318.0,82601.0,3386670.0
1/1/20,4/24/21,By Total,0.0,0.0,California,75-84 years,15505.0,99342.0,1701599.0
1/1/20,4/24/21,By Total,0.0,0.0,California,85 years and over,16334.0,135215.0,749846.0
1/1/20,4/24/21,By Total,0.0,0.0,Colorado,Under 5 years,0.0,57.0,332201.0
1/1/20,4/24/21,By Total,0.0,0.0,Colorado,5-14 years,0.0,114.0,710322.0
1/1/20,4/24/21,By Total,0.0,0.0,Colorado,15-24 years,18.0,946.0,743213.0
1/1/20,4/24/21,By Total,0.0,0.0,Colorado,25-34 years,33.0,1808.0,913354.0
1/1/20,4/24/21,By Total,0.0,0.0,Colorado,35-44 years,89.0,2394.0,798071.0
1/1/20,4/24/21,By Total,0.0,0.0,Colorado,45-54 years,289.0,3625.0,706150.0
1/1/20,4/24/21,By Total,0.0,0.0,Colorado,55-64 years,625.0,7547.0,713013.0
1/1/20,4/24/21,By Total,0.0,0.0,Colorado,65-74 years,1293.0,11740.0,522131.0
1/1/20,4/24/21,By Total,0.0,0.0,Colorado,75-84 years,1808.0,14072.0,230360.0
1/1/20,4/24/21,By Total,0.0,0.0,Colorado,85 years and over,2261.0,18110.0,89921.0
1/1/20,4/24/21,By Total,0.0,0.0,Connecticut,Under 5 years,0.0,25.0,181710.0
1/1/20,4/24/21,By Total,0.0,0.0,Connecticut,5-14 years,0.0,40.0,409000.0
1/1/20,4/24/21,By Total,0.0,0.0,Connecticut,15-24 years,0.0,315.0,478803.0
1/1/20,4/24/21,By Total,0.0,0.0,Connecticut,25-34 years,24.0,820.0,448029.0
1/1/20,4/24/21,By Total,0.0,0.0,Connecticut,35-44 years,59.0,1187.0,427141.0
1/1/20,4/24/21,By Total,0.0,0.0,Connecticut,45-54 years,221.0,2232.0,476905.0
1/1/20,4/24/21,By Total,0.0,0.0,Connecticut,55-64 years,705.0,5207.0,513455.0
1/1/20,4/24/21,By Total,0.0,0.0,Connecticut,65-74 years,1370.0,7724.0,352819.0
1/1/20,4/24/21,By Total,0.0,0.0,Connecticut,75-84 years,2102.0,10989.0,186095.0
1/1/20,4/24/21,By Total,0.0,0.0,Connecticut,85 years and over,3441.0,17801.0,91330.0
1/1/20,4/24/21,By Total,0.0,0.0,Delaware,Under 5 years,0.0,14.0,54719.0
1/1/20,4/24/21,By Total,0.0,0.0,Delaware,5-14 years,0.0,20.0,113975.0
1/1/20,4/24/21,By Total,0.0,0.0,Delaware,15-24 years,0.0,140.0,117372.0
1/1/20,4/24/21,By Total,0.0,0.0,Delaware,25-34 years,0.0,283.0,129080.0
1/1/20,4/24/21,By Total,0.0,0.0,Delaware,35-44 years,0.0,391.0,113101.0
1/1/20,4/24/21,By Total,0.0,0.0,Delaware,45-54 years,60.0,678.0,118881.0
1/1/20,4/24/21,By Total,0.0,0.0,Delaware,55-64 years,155.0,1677.0,137730.0
1/1/20,4/24/21,By Total,0.0,0.0,Delaware,65-74 years,275.0,2813.0,112858.0
1/1/20,4/24/21,By Total,0.0,0.0,Delaware,75-84 years,429.0,3529.0,55794.0
1/1/20,4/24/21,By Total,0.0,0.0,Delaware,85 years and over,508.0,4211.0,20254.0
1/1/20,4/24/21,By Total,0.0,0.0,Florida,Under 5 years,0.0,295.0,1139742.0
1/1/20,4/24/21,By Total,0.0,0.0,Florida,5-14 years,0.0,441.0,2372397.0
1/1/20,4/24/21,By Total,0.0,0.0,Florida,15-24 years,47.0,2892.0,2460558.0
1/1/20,4/24/21,By Total,0.0,0.0,Florida,25-34 years,194.0,6556.0,2799422.0
1/1/20,4/24/21,By Total,0.0,0.0,Florida,35-44 years,513.0,9381.0,2600531.0
1/1/20,4/24/21,By Total,0.0,0.0,Florida,45-54 years,1344.0,16391.0,2709395.0
1/1/20,4/24/21,By Total,0.0,0.0,Florida,55-64 years,3724.0,39251.0,2898355.0
1/1/20,4/24/21,By Total,0.0,0.0,Florida,65-74 years,7155.0,62308.0,2465369.0
1/1/20,4/24/21,By Total,0.0,0.0,Florida,75-84 years,9828.0,81796.0,1450514.0
1/1/20,4/24/21,By Total,0.0,0.0,Florida,85 years and over,9550.0,98271.0,581454.0
1/1/20,4/24/21,By Total,0.0,0.0,Georgia,Under 5 years,0.0,183.0,656566.0
1/1/20,4/24/21,By Total,0.0,0.0,Georgia,5-14 years,0.0,296.0,1413003.0
1/1/20,4/24/21,By Total,0.0,0.0,Georgia,15-24 years,32.0,1521.0,1449500.0
1/1/20,4/24/21,By Total,0.0,0.0,Georgia,25-34 years,134.0,3018.0,1493261.0
1/1/20,4/24/21,By Total,0.0,0.0,Georgia,35-44 years,341.0,4594.0,1380954.0
1/1/20,4/24/21,By Total,0.0,0.0,Georgia,45-54 years,947.0,9000.0,1399652.0
1/1/20,4/24/21,By Total,0.0,0.0,Georgia,55-64 years,2440.0,20216.0,1307533.0
1/1/20,4/24/21,By Total,0.0,0.0,Georgia,65-74 years,4243.0,29755.0,926001.0
1/1/20,4/24/21,By Total,0.0,0.0,Georgia,75-84 years,4887.0,33314.0,439884.0
1/1/20,4/24/21,By Total,0.0,0.0,Georgia,85 years and over,3831.0,32136.0,151069.0
1/1/20,4/24/21,By Total,0.0,0.0,Hawaii,Under 5 years,0.0,0.0,85219.0
1/1/20,4/24/21,By Total,0.0,0.0,Hawaii,5-14 years,0.0,21.0,167586.0
1/1/20,4/24/21,By Total,0.0,0.0,Hawaii,15-24 years,0.0,121.0,165937.0
1/1/20,4/24/21,By Total,0.0,0.0,Hawaii,25-34 years,0.0,250.0,199995.0
1/1/20,4/24/21,By Total,0.0,0.0,Hawaii,35-44 years,13.0,424.0,181803.0
1/1/20,4/24/21,By Total,0.0,0.0,Hawaii,45-54 years,26.0,823.0,167747.0
1/1/20,4/24/21,By Total,0.0,0.0,Hawaii,55-64 years,77.0,1869.0,179137.0
1/1/20,4/24/21,By Total,0.0,0.0,Hawaii,65-74 years,111.0,3042.0,152092.0
1/1/20,4/24/21,By Total,0.0,0.0,Hawaii,75-84 years,94.0,3330.0,74688.0
1/1/20,4/24/21,By Total,0.0,0.0,Hawaii,85 years and over,129.0,5613.0,41668.0
1/1/20,4/24/21,By Total,0.0,0.0,Idaho,Under 5 years,0.0,25.0,116200.0
1/1/20,4/24/21,By Total,0.0,0.0,Idaho,5-14 years,0.0,37.0,254788.0
1/1/20,4/24/21,By Total,0.0,0.0,Idaho,15-24 years,0.0,249.0,241619.0
1/1/20,4/24/21,By Total,0.0,0.0,Idaho,25-34 years,0.0,387.0,236490.0
1/1/20,4/24/21,By Total,0.0,0.0,Idaho,35-44 years,20.0,578.0,227172.0
1/1/20,4/24/21,By Total,0.0,0.0,Idaho,45-54 years,64.0,964.0,201766.0
1/1/20,4/24/21,By Total,0.0,0.0,Idaho,55-64 years,171.0,2487.0,218360.0
1/1/20,4/24/21,By Total,0.0,0.0,Idaho,65-74 years,435.0,4259.0,175866.0
1/1/20,4/24/21,By Total,0.0,0.0,Idaho,75-84 years,631.0,5635.0,85030.0
1/1/20,4/24/21,By Total,0.0,0.0,Idaho,85 years and over,699.0,6442.0,29774.0
1/1/20,4/24/21,By Total,0.0,0.0,Illinois,Under 5 years,0.0,145.0,746934.0
1/1/20,4/24/21,By Total,0.0,0.0,Illinois,5-14 years,0.0,248.0,1575745.0
1/1/20,4/24/21,By Total,0.0,0.0,Illinois,15-24 years,33.0,1670.0,1652607.0
1/1/20,4/24/21,By Total,0.0,0.0,Illinois,25-34 years,148.0,3250.0,1758096.0
1/1/20,4/24/21,By Total,0.0,0.0,Illinois,35-44 years,360.0,4634.0,1637135.0
1/1/20,4/24/21,By Total,0.0,0.0,Illinois,45-54 years,977.0,8898.0,1599789.0
1/1/20,4/24/21,By Total,0.0,0.0,Illinois,55-64 years,2302.0,21019.0,1658283.0
1/1/20,4/24/21,By Total,0.0,0.0,Illinois,65-74 years,4441.0,32358.0,1176033.0
1/1/20,4/24/21,By Total,0.0,0.0,Illinois,75-84 years,5591.0,39317.0,600230.0
1/1/20,4/24/21,By Total,0.0,0.0,Illinois,85 years and over,7092.0,52131.0,266969.0
1/1/20,4/24/21,By Total,0.0,0.0,Indiana,Under 5 years,0.0,97.0,418340.0
1/1/20,4/24/21,By Total,0.0,0.0,Indiana,5-14 years,0.0,167.0,878981.0
1/1/20,4/24/21,By Total,0.0,0.0,Indiana,15-24 years,10.0,1071.0,930398.0
1/1/20,4/24/21,By Total,0.0,0.0,Indiana,25-34 years,36.0,2117.0,890687.0
1/1/20,4/24/21,By Total,0.0,0.0,Indiana,35-44 years,128.0,2806.0,828959.0
1/1/20,4/24/21,By Total,0.0,0.0,Indiana,45-54 years,361.0,5303.0,824029.0
1/1/20,4/24/21,By Total,0.0,0.0,Indiana,55-64 years,1235.0,12882.0,875082.0
1/1/20,4/24/21,By Total,0.0,0.0,Indiana,65-74 years,2565.0,20134.0,636737.0
1/1/20,4/24/21,By Total,0.0,0.0,Indiana,75-84 years,3759.0,24414.0,317937.0
1/1/20,4/24/21,By Total,0.0,0.0,Indiana,85 years and over,4507.0,28543.0,131069.0
1/1/20,4/24/21,By Total,0.0,0.0,Iowa,Under 5 years,0.0,41.0,195636.0
1/1/20,4/24/21,By Total,0.0,0.0,Iowa,5-14 years,0.0,67.0,408495.0
1/1/20,4/24/21,By Total,0.0,0.0,Iowa,15-24 years,0.0,342.0,436415.0
1/1/20,4/24/21,By Total,0.0,0.0,Iowa,25-34 years,21.0,611.0,398150.0
1/1/20,4/24/21,By Total,0.0,0.0,Iowa,35-44 years,49.0,942.0,385215.0
1/1/20,4/24/21,By Total,0.0,0.0,Iowa,45-54 years,161.0,1959.0,362509.0
1/1/20,4/24/21,By Total,0.0,0.0,Iowa,55-64 years,495.0,4948.0,415696.0
1/1/20,4/24/21,By Total,0.0,0.0,Iowa,65-74 years,1008.0,8380.0,311447.0
1/1/20,4/24/21,By Total,0.0,0.0,Iowa,75-84 years,1676.0,11053.0,162833.0
1/1/20,4/24/21,By Total,0.0,0.0,Iowa,85 years and over,2522.0,16228.0,78674.0
1/1/20,4/24/21,By Total,0.0,0.0,Kansas,Under 5 years,0.0,29.0,185331.0
1/1/20,4/24/21,By Total,0.0,0.0,Kansas,5-14 years,0.0,67.0,396266.0
1/1/20,4/24/21,By Total,0.0,0.0,Kansas,15-24 years,10.0,458.0,412813.0
1/1/20,4/24/21,By Total,0.0,0.0,Kansas,25-34 years,23.0,737.0,382922.0
1/1/20,4/24/21,By Total,0.0,0.0,Kansas,35-44 years,59.0,1113.0,361029.0
1/1/20,4/24/21,By Total,0.0,0.0,Kansas,45-54 years,179.0,1956.0,327961.0
1/1/20,4/24/21,By Total,0.0,0.0,Kansas,55-64 years,466.0,4962.0,371505.0
1/1/20,4/24/21,By Total,0.0,0.0,Kansas,65-74 years,928.0,7872.0,272236.0
1/1/20,4/24/21,By Total,0.0,0.0,Kansas,75-84 years,1374.0,9666.0,137573.0
1/1/20,4/24/21,By Total,0.0,0.0,Kansas,85 years and over,1791.0,13130.0,65678.0
1/1/20,4/24/21,By Total,0.0,0.0,Kentucky,Under 5 years,0.0,48.0,272610.0
1/1/20,4/24/21,By Total,0.0,0.0,Kentucky,5-14 years,0.0,107.0,560417.0
1/1/20,4/24/21,By Total,0.0,0.0,Kentucky,15-24 years,0.0,771.0,583798.0
1/1/20,4/24/21,By Total,0.0,0.0,Kentucky,25-34 years,18.0,1594.0,587380.0
1/1/20,4/24/21,By Total,0.0,0.0,Kentucky,35-44 years,73.0,2697.0,550953.0
1/1/20,4/24/21,By Total,0.0,0.0,Kentucky,45-54 years,232.0,4727.0,563662.0
1/1/20,4/24/21,By Total,0.0,0.0,Kentucky,55-64 years,776.0,10668.0,598289.0
1/1/20,4/24/21,By Total,0.0,0.0,Kentucky,65-74 years,1648.0,15584.0,447876.0
1/1/20,4/24/21,By Total,0.0,0.0,Kentucky,75-84 years,2106.0,17476.0,220820.0
1/1/20,4/24/21,By Total,0.0,0.0,Kentucky,85 years and over,2215.0,17079.0,81868.0
1/1/20,4/24/21,By Total,0.0,0.0,Louisiana,Under 5 years,0.0,89.0,301469.0
1/1/20,4/24/21,By Total,0.0,0.0,Louisiana,5-14 years,0.0,146.0,607936.0
1/1/20,4/24/21,By Total,0.0,0.0,Louisiana,15-24 years,18.0,926.0,597268.0
1/1/20,4/24/21,By Total,0.0,0.0,Louisiana,25-34 years,66.0,1884.0,658227.0
1/1/20,4/24/21,By Total,0.0,0.0,Louisiana,35-44 years,175.0,2739.0,589854.0
1/1/20,4/24/21,By Total,0.0,0.0,Louisiana,45-54 years,481.0,4571.0,548348.0
1/1/20,4/24/21,By Total,0.0,0.0,Louisiana,55-64 years,1313.0,10798.0,604670.0
1/1/20,4/24/21,By Total,0.0,0.0,Louisiana,65-74 years,2356.0,15813.0,442534.0
1/1/20,4/24/21,By Total,0.0,0.0,Louisiana,75-84 years,2699.0,17244.0,216431.0
1/1/20,4/24/21,By Total,0.0,0.0,Louisiana,85 years and over,2166.0,17139.0,82057.0
1/1/20,4/24/21,By Total,0.0,0.0,Maine,Under 5 years,0.0,12.0,63537.0
1/1/20,4/24/21,By Total,0.0,0.0,Maine,5-14 years,0.0,17.0,140100.0
1/1/20,4/24/21,By Total,0.0,0.0,Maine,15-24 years,0.0,128.0,152137.0
1/1/20,4/24/21,By Total,0.0,0.0,Maine,25-34 years,0.0,349.0,162808.0
1/1/20,4/24/21,By Total,0.0,0.0,Maine,35-44 years,0.0,538.0,154075.0
1/1/20,4/24/21,By Total,0.0,0.0,Maine,45-54 years,20.0,981.0,174730.0
1/1/20,4/24/21,By Total,0.0,0.0,Maine,55-64 years,59.0,2445.0,211560.0
1/1/20,4/24/21,By Total,0.0,0.0,Maine,65-74 years,137.0,3987.0,169079.0
1/1/20,4/24/21,By Total,0.0,0.0,Maine,75-84 years,284.0,5192.0,82386.0
1/1/20,4/24/21,By Total,0.0,0.0,Maine,85 years and over,361.0,6663.0,33800.0
1/1/20,4/24/21,By Total,0.0,0.0,Maryland,Under 5 years,0.0,49.0,361937.0
1/1/20,4/24/21,By Total,0.0,0.0,Maryland,5-14 years,0.0,91.0,747869.0
1/1/20,4/24/21,By Total,0.0,0.0,Maryland,15-24 years,22.0,816.0,751030.0
1/1/20,4/24/21,By Total,0.0,0.0,Maryland,25-34 years,64.0,1964.0,829249.0
1/1/20,4/24/21,By Total,0.0,0.0,Maryland,35-44 years,169.0,2646.0,782213.0
1/1/20,4/24/21,By Total,0.0,0.0,Maryland,45-54 years,484.0,4487.0,795467.0
1/1/20,4/24/21,By Total,0.0,0.0,Maryland,55-64 years,1171.0,10324.0,818519.0
1/1/20,4/24/21,By Total,0.0,0.0,Maryland,65-74 years,2011.0,15145.0,561582.0
1/1/20,4/24/21,By Total,0.0,0.0,Maryland,75-84 years,2661.0,18366.0,278421.0
1/1/20,4/24/21,By Total,0.0,0.0,Maryland,85 years and over,3104.0,23545.0,119393.0
1/1/20,4/24/21,By Total,0.0,0.0,Massachusetts,Under 5 years,0.0,39.0,357362.0
1/1/20,4/24/21,By Total,0.0,0.0,Massachusetts,5-14 years,0.0,76.0,751035.0
1/1/20,4/24/21,By Total,0.0,0.0,Massachusetts,15-24 years,0.0,546.0,935124.0
1/1/20,4/24/21,By Total,0.0,0.0,Massachusetts,25-34 years,36.0,1580.0,994454.0
1/1/20,4/24/21,By Total,0.0,0.0,Massachusetts,35-44 years,93.0,2337.0,848373.0
1/1/20,4/24/21,By Total,0.0,0.0,Massachusetts,45-54 years,296.0,4096.0,893633.0
1/1/20,4/24/21,By Total,0.0,0.0,Massachusetts,55-64 years,1014.0,9653.0,943190.0
1/1/20,4/24/21,By Total,0.0,0.0,Massachusetts,65-74 years,2186.0,15835.0,673305.0
1/1/20,4/24/21,By Total,0.0,0.0,Massachusetts,75-84 years,3584.0,21357.0,336504.0
1/1/20,4/24/21,By Total,0.0,0.0,Massachusetts,85 years and over,5908.0,33004.0,159523.0
1/1/20,4/24/21,By Total,0.0,0.0,Michigan,Under 5 years,0.0,123.0,566442.0
1/1/20,4/24/21,By Total,0.0,0.0,Michigan,5-14 years,0.0,215.0,1196689.0
1/1/20,4/24/21,By Total,0.0,0.0,Michigan,15-24 years,22.0,1275.0,1326325.0
1/1/20,4/24/21,By Total,0.0,0.0,Michigan,25-34 years,94.0,2828.0,1311614.0
1/1/20,4/24/21,By Total,0.0,0.0,Michigan,35-44 years,208.0,3984.0,1166172.0
1/1/20,4/24/21,By Total,0.0,0.0,Michigan,45-54 years,680.0,7857.0,1254679.0
1/1/20,4/24/21,By Total,0.0,0.0,Michigan,55-64 years,1787.0,19032.0,1399535.0
1/1/20,4/24/21,By Total,0.0,0.0,Michigan,65-74 years,3641.0,30194.0,1037580.0
1/1/20,4/24/21,By Total,0.0,0.0,Michigan,75-84 years,4534.0,36005.0,514685.0
1/1/20,4/24/21,By Total,0.0,0.0,Michigan,85 years and over,4928.0,44824.0,213136.0
1/1/20,4/24/21,By Total,0.0,0.0,Minnesota,Under 5 years,0.0,80.0,351622.0
1/1/20,4/24/21,By Total,0.0,0.0,Minnesota,5-14 years,0.0,103.0,732593.0
1/1/20,4/24/21,By Total,0.0,0.0,Minnesota,15-24 years,0.0,574.0,717060.0
1/1/20,4/24/21,By Total,0.0,0.0,Minnesota,25-34 years,24.0,1170.0,762616.0
1/1/20,4/24/21,By Total,0.0,0.0,Minnesota,35-44 years,62.0,1594.0,725577.0
1/1/20,4/24/21,By Total,0.0,0.0,Minnesota,45-54 years,193.0,2903.0,673361.0
1/1/20,4/24/21,By Total,0.0,0.0,Minnesota,55-64 years,513.0,7194.0,756421.0
1/1/20,4/24/21,By Total,0.0,0.0,Minnesota,65-74 years,1189.0,11824.0,531059.0
1/1/20,4/24/21,By Total,0.0,0.0,Minnesota,75-84 years,2028.0,16339.0,266713.0
1/1/20,4/24/21,By Total,0.0,0.0,Minnesota,85 years and over,3237.0,23793.0,122610.0
1/1/20,4/24/21,By Total,0.0,0.0,Mississippi,Under 5 years,0.0,60.0,183478.0
1/1/20,4/24/21,By Total,0.0,0.0,Mississippi,5-14 years,0.0,113.0,395659.0
1/1/20,4/24/21,By Total,0.0,0.0,Mississippi,15-24 years,16.0,603.0,402867.0
1/1/20,4/24/21,By Total,0.0,0.0,Mississippi,25-34 years,63.0,1155.0,393747.0
1/1/20,4/24/21,By Total,0.0,0.0,Mississippi,35-44 years,152.0,1872.0,365754.0
1/1/20,4/24/21,By Total,0.0,0.0,Mississippi,45-54 years,408.0,3374.0,362040.0
1/1/20,4/24/21,By Total,0.0,0.0,Mississippi,55-64 years,1043.0,7950.0,385911.0
1/1/20,4/24/21,By Total,0.0,0.0,Mississippi,65-74 years,1885.0,11593.0,288955.0
1/1/20,4/24/21,By Total,0.0,0.0,Mississippi,75-84 years,2054.0,12441.0,145440.0
1/1/20,4/24/21,By Total,0.0,0.0,Mississippi,85 years and over,1666.0,11623.0,52298.0
1/1/20,4/24/21,By Total,0.0,0.0,Missouri,Under 5 years,0.0,124.0,368080.0
1/1/20,4/24/21,By Total,0.0,0.0,Missouri,5-14 years,0.0,174.0,769540.0
1/1/20,4/24/21,By Total,0.0,0.0,Missouri,15-24 years,13.0,1092.0,794469.0
1/1/20,4/24/21,By Total,0.0,0.0,Missouri,25-34 years,35.0,2128.0,825887.0
1/1/20,4/24/21,By Total,0.0,0.0,Missouri,35-44 years,118.0,2909.0,753739.0
1/1/20,4/24/21,By Total,0.0,0.0,Missouri,45-54 years,310.0,5063.0,732944.0
1/1/20,4/24/21,By Total,0.0,0.0,Missouri,55-64 years,1086.0,12996.0,830732.0
1/1/20,4/24/21,By Total,0.0,0.0,Missouri,65-74 years,2251.0,20064.0,610165.0
1/1/20,4/24/21,By Total,0.0,0.0,Missouri,75-84 years,3064.0,24134.0,318341.0
1/1/20,4/24/21,By Total,0.0,0.0,Missouri,85 years and over,3735.0,27687.0,133531.0
1/1/20,4/24/21,By Total,0.0,0.0,Montana,Under 5 years,0.0,16.0,61156.0
1/1/20,4/24/21,By Total,0.0,0.0,Montana,5-14 years,0.0,33.0,129305.0
1/1/20,4/24/21,By Total,0.0,0.0,Montana,15-24 years,0.0,183.0,135891.0
1/1/20,4/24/21,By Total,0.0,0.0,Montana,25-34 years,0.0,302.0,138386.0
1/1/20,4/24/21,By Total,0.0,0.0,Montana,35-44 years,26.0,420.0,129795.0
1/1/20,4/24/21,By Total,0.0,0.0,Montana,45-54 years,57.0,749.0,117800.0
1/1/20,4/24/21,By Total,0.0,0.0,Montana,55-64 years,170.0,1834.0,150008.0
1/1/20,4/24/21,By Total,0.0,0.0,Montana,65-74 years,343.0,3102.0,124631.0
1/1/20,4/24/21,By Total,0.0,0.0,Montana,75-84 years,468.0,3825.0,58951.0
1/1/20,4/24/21,By Total,0.0,0.0,Montana,85 years and over,515.0,4571.0,22855.0
1/1/20,4/24/21,By Total,0.0,0.0,Nebraska,Under 5 years,0.0,37.0,130880.0
1/1/20,4/24/21,By Total,0.0,0.0,Nebraska,5-14 years,0.0,60.0,266296.0
1/1/20,4/24/21,By Total,0.0,0.0,Nebraska,15-24 years,0.0,246.0,268196.0
1/1/20,4/24/21,By Total,0.0,0.0,Nebraska,25-34 years,17.0,377.0,255338.0
1/1/20,4/24/21,By Total,0.0,0.0,Nebraska,35-44 years,28.0,593.0,243139.0
1/1/20,4/24/21,By Total,0.0,0.0,Nebraska,45-54 years,104.0,1144.0,215808.0
1/1/20,4/24/21,By Total,0.0,0.0,Nebraska,55-64 years,278.0,2890.0,242293.0
1/1/20,4/24/21,By Total,0.0,0.0,Nebraska,65-74 years,548.0,4768.0,178908.0
1/1/20,4/24/21,By Total,0.0,0.0,Nebraska,75-84 years,808.0,6050.0,90492.0
1/1/20,4/24/21,By Total,0.0,0.0,Nebraska,85 years and over,1023.0,8548.0,43058.0
1/1/20,4/24/21,By Total,0.0,0.0,Nevada,Under 5 years,0.0,42.0,185575.0
1/1/20,4/24/21,By Total,0.0,0.0,Nevada,5-14 years,0.0,70.0,392066.0
1/1/20,4/24/21,By Total,0.0,0.0,Nevada,15-24 years,11.0,485.0,365218.0
1/1/20,4/24/21,By Total,0.0,0.0,Nevada,25-34 years,53.0,945.0,453116.0
1/1/20,4/24/21,By Total,0.0,0.0,Nevada,35-44 years,130.0,1425.0,410505.0
1/1/20,4/24/21,By Total,0.0,0.0,Nevada,45-54 years,386.0,2755.0,394228.0
1/1/20,4/24/21,By Total,0.0,0.0,Nevada,55-64 years,816.0,5812.0,383476.0
1/1/20,4/24/21,By Total,0.0,0.0,Nevada,65-74 years,1442.0,9559.0,303363.0
1/1/20,4/24/21,By Total,0.0,0.0,Nevada,75-84 years,1622.0,10823.0,147793.0
1/1/20,4/24/21,By Total,0.0,0.0,Nevada,85 years and over,1052.0,9103.0,44816.0
1/1/20,4/24/21,By Total,0.0,0.0,New Hampshire,Under 5 years,0.0,11.0,63621.0
1/1/20,4/24/21,By Total,0.0,0.0,New Hampshire,5-14 years,0.0,20.0,143449.0
1/1/20,4/24/21,By Total,0.0,0.0,New Hampshire,15-24 years,0.0,129.0,171874.0
1/1/20,4/24/21,By Total,0.0,0.0,New Hampshire,25-34 years,0.0,318.0,172816.0
1/1/20,4/24/21,By Total,0.0,0.0,New Hampshire,35-44 years,0.0,405.0,156500.0
1/1/20,4/24/21,By Total,0.0,0.0,New Hampshire,45-54 years,20.0,802.0,183273.0
1/1/20,4/24/21,By Total,0.0,0.0,New Hampshire,55-64 years,58.0,1975.0,214314.0
1/1/20,4/24/21,By Total,0.0,0.0,New Hampshire,65-74 years,206.0,3390.0,152669.0
1/1/20,4/24/21,By Total,0.0,0.0,New Hampshire,75-84 years,389.0,4371.0,70954.0
1/1/20,4/24/21,By Total,0.0,0.0,New Hampshire,85 years and over,604.0,6122.0,30241.0
1/1/20,4/24/21,By Total,0.0,0.0,New Jersey,Under 5 years,0.0,76.0,514690.0
1/1/20,4/24/21,By Total,0.0,0.0,New Jersey,5-14 years,0.0,85.0,1083967.0
1/1/20,4/24/21,By Total,0.0,0.0,New Jersey,15-24 years,24.0,729.0,1093555.0
1/1/20,4/24/21,By Total,0.0,0.0,New Jersey,25-34 years,165.0,2114.0,1152278.0
1/1/20,4/24/21,By Total,0.0,0.0,New Jersey,35-44 years,417.0,3265.0,1137693.0
1/1/20,4/24/21,By Total,0.0,0.0,New Jersey,45-54 years,1223.0,6569.0,1200823.0
1/1/20,4/24/21,By Total,0.0,0.0,New Jersey,55-64 years,3059.0,14926.0,1223649.0
1/1/20,4/24/21,By Total,0.0,0.0,New Jersey,65-74 years,4825.0,22531.0,832866.0
1/1/20,4/24/21,By Total,0.0,0.0,New Jersey,75-84 years,6199.0,29837.0,439565.0
1/1/20,4/24/21,By Total,0.0,0.0,New Jersey,85 years and over,7559.0,42531.0,203104.0
1/1/20,4/24/21,By Total,0.0,0.0,New Mexico,Under 5 years,0.0,28.0,120986.0
1/1/20,4/24/21,By Total,0.0,0.0,New Mexico,5-14 years,0.0,47.0,272268.0
1/1/20,4/24/21,By Total,0.0,0.0,New Mexico,15-24 years,11.0,385.0,278459.0
1/1/20,4/24/21,By Total,0.0,0.0,New Mexico,25-34 years,81.0,1042.0,284087.0
1/1/20,4/24/21,By Total,0.0,0.0,New Mexico,35-44 years,143.0,1358.0,254846.0
1/1/20,4/24/21,By Total,0.0,0.0,New Mexico,45-54 years,285.0,1976.0,235656.0
1/1/20,4/24/21,By Total,0.0,0.0,New Mexico,55-64 years,617.0,3944.0,272921.0
1/1/20,4/24/21,By Total,0.0,0.0,New Mexico,65-74 years,920.0,5892.0,224483.0
1/1/20,4/24/21,By Total,0.0,0.0,New Mexico,75-84 years,987.0,6915.0,111714.0
1/1/20,4/24/21,By Total,0.0,0.0,New Mexico,85 years and over,893.0,7543.0,41409.0
1/1/20,4/24/21,By Total,0.0,0.0,New York,Under 5 years,0.0,94.0,1127001.0
1/1/20,4/24/21,By Total,0.0,0.0,New York,5-14 years,0.0,169.0,2218596.0
1/1/20,4/24/21,By Total,0.0,0.0,New York,15-24 years,23.0,1050.0,2445246.0
1/1/20,4/24/21,By Total,0.0,0.0,New York,25-34 years,109.0,2562.0,2867651.0
1/1/20,4/24/21,By Total,0.0,0.0,New York,35-44 years,298.0,3702.0,2429961.0
1/1/20,4/24/21,By Total,0.0,0.0,New York,45-54 years,908.0,7108.0,2471804.0
1/1/20,4/24/21,By Total,0.0,0.0,New York,55-64 years,2547.0,17774.0,2597156.0
1/1/20,4/24/21,By Total,0.0,0.0,New York,65-74 years,4692.0,28976.0,1859922.0
1/1/20,4/24/21,By Total,0.0,0.0,New York,75-84 years,6527.0,38327.0,976223.0
1/1/20,4/24/21,By Total,0.0,0.0,New York,85 years and over,9153.0,57168.0,460001.0
1/1/20,4/24/21,By Total,0.0,0.0,New York City,Under 5 years,0.0,57.0,
1/1/20,4/24/21,By Total,0.0,0.0,New York City,5-14 years,11.0,136.0,
1/1/20,4/24/21,By Total,0.0,0.0,New York City,15-24 years,41.0,737.0,
1/1/20,4/24/21,By Total,0.0,0.0,New York City,25-34 years,224.0,1929.0,
1/1/20,4/24/21,By Total,0.0,0.0,New York City,35-44 years,661.0,3337.0,
1/1/20,4/24/21,By Total,0.0,0.0,New York City,45-54 years,1778.0,6611.0,
1/1/20,4/24/21,By Total,0.0,0.0,New York City,55-64 years,4354.0,14776.0,
1/1/20,4/24/21,By Total,0.0,0.0,New York City,65-74 years,6858.0,21452.0,
1/1/20,4/24/21,By Total,0.0,0.0,New York City,75-84 years,7445.0,24499.0,
1/1/20,4/24/21,By Total,0.0,0.0,New York City,85 years and over,6913.0,30931.0,
1/1/20,4/24/21,By Total,0.0,0.0,North Carolina,Under 5 years,0.0,113.0,609770.0
1/1/20,4/24/21,By Total,0.0,0.0,North Carolina,5-14 years,0.0,201.0,1294472.0
1/1/20,4/24/21,By Total,0.0,0.0,North Carolina,15-24 years,10.0,1431.0,1387060.0
1/1/20,4/24/21,By Total,0.0,0.0,North Carolina,25-34 years,51.0,2757.0,1416069.0
1/1/20,4/24/21,By Total,0.0,0.0,North Carolina,35-44 years,138.0,3561.0,1303427.0
1/1/20,4/24/21,By Total,0.0,0.0,North Carolina,45-54 years,383.0,6539.0,1364067.0
1/1/20,4/24/21,By Total,0.0,0.0,North Carolina,55-64 years,946.0,14225.0,1362125.0
1/1/20,4/24/21,By Total,0.0,0.0,North Carolina,65-74 years,1979.0,21807.0,1046508.0
1/1/20,4/24/21,By Total,0.0,0.0,North Carolina,75-84 years,2524.0,26302.0,515192.0
1/1/20,4/24/21,By Total,0.0,0.0,North Carolina,85 years and over,2755.0,28361.0,189394.0
1/1/20,4/24/21,By Total,0.0,0.0,North Dakota,Under 5 years,0.0,13.0,54101.0
1/1/20,4/24/21,By Total,0.0,0.0,North Dakota,5-14 years,0.0,25.0,99495.0
1/1/20,4/24/21,By Total,0.0,0.0,North Dakota,15-24 years,0.0,118.0,109397.0
1/1/20,4/24/21,By Total,0.0,0.0,North Dakota,25-34 years,0.0,235.0,114571.0
1/1/20,4/24/21,By Total,0.0,0.0,North Dakota,35-44 years,19.0,311.0,92576.0
1/1/20,4/24/21,By Total,0.0,0.0,North Dakota,45-54 years,46.0,477.0,78199.0
1/1/20,4/24/21,By Total,0.0,0.0,North Dakota,55-64 years,139.0,1194.0,93878.0
1/1/20,4/24/21,By Total,0.0,0.0,North Dakota,65-74 years,284.0,1827.0,66664.0
1/1/20,4/24/21,By Total,0.0,0.0,North Dakota,75-84 years,438.0,2469.0,34368.0
1/1/20,4/24/21,By Total,0.0,0.0,North Dakota,85 years and over,714.0,3621.0,18813.0
1/1/20,4/24/21,By Total,0.0,0.0,Ohio,Under 5 years,0.0,187.0,690828.0
1/1/20,4/24/21,By Total,0.0,0.0,Ohio,5-14 years,0.0,271.0,1440279.0
1/1/20,4/24/21,By Total,0.0,0.0,Ohio,15-24 years,14.0,1720.0,1507223.0
1/1/20,4/24/21,By Total,0.0,0.0,Ohio,25-34 years,64.0,4060.0,1554378.0
1/1/20,4/24/21,By Total,0.0,0.0,Ohio,35-44 years,194.0,5477.0,1397808.0
1/1/20,4/24/21,By Total,0.0,0.0,Ohio,45-54 years,563.0,9924.0,1447581.0
1/1/20,4/24/21,By Total,0.0,0.0,Ohio,55-64 years,1944.0,23601.0,1604683.0
1/1/20,4/24/21,By Total,0.0,0.0,Ohio,65-74 years,4440.0,37132.0,1189243.0
1/1/20,4/24/21,By Total,0.0,0.0,Ohio,75-84 years,6543.0,45203.0,600805.0
1/1/20,4/24/21,By Total,0.0,0.0,Ohio,85 years and over,7808.0,55640.0,256272.0
1/1/20,4/24/21,By Total,0.0,0.0,Oklahoma,Under 5 years,0.0,75.0,255533.0
1/1/20,4/24/21,By Total,0.0,0.0,Oklahoma,5-14 years,0.0,133.0,538048.0
1/1/20,4/24/21,By Total,0.0,0.0,Oklahoma,15-24 years,0.0,617.0,539562.0
1/1/20,4/24/21,By Total,0.0,0.0,Oklahoma,25-34 years,52.0,1144.0,543593.0
1/1/20,4/24/21,By Total,0.0,0.0,Oklahoma,35-44 years,131.0,1911.0,497873.0
1/1/20,4/24/21,By Total,0.0,0.0,Oklahoma,45-54 years,400.0,3601.0,453536.0
1/1/20,4/24/21,By Total,0.0,0.0,Oklahoma,55-64 years,1030.0,8575.0,493694.0
1/1/20,4/24/21,By Total,0.0,0.0,Oklahoma,65-74 years,1998.0,13357.0,368050.0
1/1/20,4/24/21,By Total,0.0,0.0,Oklahoma,75-84 years,2348.0,15201.0,192919.0
1/1/20,4/24/21,By Total,0.0,0.0,Oklahoma,85 years and over,2270.0,15336.0,74163.0
1/1/20,4/24/21,By Total,0.0,0.0,Oregon,Under 5 years,0.0,31.0,227811.0
1/1/20,4/24/21,By Total,0.0,0.0,Oregon,5-14 years,0.0,66.0,491536.0
1/1/20,4/24/21,By Total,0.0,0.0,Oregon,15-24 years,0.0,497.0,510237.0
1/1/20,4/24/21,By Total,0.0,0.0,Oregon,25-34 years,10.0,980.0,604284.0
1/1/20,4/24/21,By Total,0.0,0.0,Oregon,35-44 years,35.0,1355.0,568712.0
1/1/20,4/24/21,By Total,0.0,0.0,Oregon,45-54 years,92.0,2599.0,510127.0
1/1/20,4/24/21,By Total,0.0,0.0,Oregon,55-64 years,246.0,6177.0,538950.0
1/1/20,4/24/21,By Total,0.0,0.0,Oregon,65-74 years,421.0,10688.0,464598.0
1/1/20,4/24/21,By Total,0.0,0.0,Oregon,75-84 years,700.0,12982.0,216944.0
1/1/20,4/24/21,By Total,0.0,0.0,Oregon,85 years and over,842.0,16154.0,84538.0
1/1/20,4/24/21,By Total,0.0,0.0,Pennsylvania,Under 5 years,0.0,186.0,697924.0
1/1/20,4/24/21,By Total,0.0,0.0,Pennsylvania,5-14 years,0.0,246.0,1475640.0
1/1/20,4/24/21,By Total,0.0,0.0,Pennsylvania,15-24 years,27.0,1629.0,1603208.0
1/1/20,4/24/21,By Total,0.0,0.0,Pennsylvania,25-34 years,97.0,3890.0,1709136.0
1/1/20,4/24/21,By Total,0.0,0.0,Pennsylvania,35-44 years,216.0,5116.0,1513739.0
1/1/20,4/24/21,By Total,0.0,0.0,Pennsylvania,45-54 years,755.0,9684.0,1604097.0
1/1/20,4/24/21,By Total,0.0,0.0,Pennsylvania,55-64 years,2317.0,23645.0,1804883.0
1/1/20,4/24/21,By Total,0.0,0.0,Pennsylvania,65-74 years,5141.0,38804.0,1354093.0
1/1/20,4/24/21,By Total,0.0,0.0,Pennsylvania,75-84 years,7315.0,49498.0,707157.0
1/1/20,4/24/21,By Total,0.0,0.0,Pennsylvania,85 years and over,10833.0,70359.0,332112.0
1/1/20,4/24/21,By Total,0.0,0.0,Rhode Island,Under 5 years,0.0,0.0,54521.0
1/1/20,4/24/21,By Total,0.0,0.0,Rhode Island,5-14 years,0.0,18.0,112868.0
1/1/20,4/24/21,By Total,0.0,0.0,Rhode Island,15-24 years,0.0,96.0,146657.0
1/1/20,4/24/21,By Total,0.0,0.0,Rhode Island,25-34 years,0.0,235.0,148213.0
1/1/20,4/24/21,By Total,0.0,0.0,Rhode Island,35-44 years,17.0,336.0,125335.0
1/1/20,4/24/21,By Total,0.0,0.0,Rhode Island,45-54 years,56.0,661.0,135112.0
1/1/20,4/24/21,By Total,0.0,0.0,Rhode Island,55-64 years,197.0,1744.0,149609.0
1/1/20,4/24/21,By Total,0.0,0.0,Rhode Island,65-74 years,479.0,2644.0,106159.0
1/1/20,4/24/21,By Total,0.0,0.0,Rhode Island,75-84 years,663.0,3595.0,53375.0
1/1/20,4/24/21,By Total,0.0,0.0,Rhode Island,85 years and over,1179.0,6052.0,27512.0
1/1/20,4/24/21,By Total,0.0,0.0,South Carolina,Under 5 years,0.0,74.0,292464.0
1/1/20,4/24/21,By Total,0.0,0.0,South Carolina,5-14 years,0.0,112.0,630716.0
1/1/20,4/24/21,By Total,0.0,0.0,South Carolina,15-24 years,12.0,951.0,655402.0
1/1/20,4/24/21,By Total,0.0,0.0,South Carolina,25-34 years,44.0,1824.0,682854.0
1/1/20,4/24/21,By Total,0.0,0.0,South Carolina,35-44 years,134.0,2529.0,620504.0
1/1/20,4/24/21,By Total,0.0,0.0,South Carolina,45-54 years,351.0,4783.0,640607.0
1/1/20,4/24/21,By Total,0.0,0.0,South Carolina,55-64 years,1082.0,10818.0,689144.0
1/1/20,4/24/21,By Total,0.0,0.0,South Carolina,65-74 years,2145.0,16792.0,570600.0
1/1/20,4/24/21,By Total,0.0,0.0,South Carolina,75-84 years,2618.0,19179.0,275013.0
1/1/20,4/24/21,By Total,0.0,0.0,South Carolina,85 years and over,2152.0,18791.0,91410.0
1/1/20,4/24/21,By Total,0.0,0.0,South Dakota,Under 5 years,0.0,19.0,61167.0
1/1/20,4/24/21,By Total,0.0,0.0,South Dakota,5-14 years,0.0,25.0,121666.0
1/1/20,4/24/21,By Total,0.0,0.0,South Dakota,15-24 years,0.0,143.0,116664.0
1/1/20,4/24/21,By Total,0.0,0.0,South Dakota,25-34 years,14.0,224.0,115064.0
1/1/20,4/24/21,By Total,0.0,0.0,South Dakota,35-44 years,20.0,367.0,105864.0
1/1/20,4/24/21,By Total,0.0,0.0,South Dakota,45-54 years,70.0,594.0,94865.0
1/1/20,4/24/21,By Total,0.0,0.0,South Dakota,55-64 years,185.0,1473.0,117498.0
1/1/20,4/24/21,By Total,0.0,0.0,South Dakota,65-74 years,390.0,2364.0,89216.0
1/1/20,4/24/21,By Total,0.0,0.0,South Dakota,75-84 years,517.0,2877.0,41670.0
1/1/20,4/24/21,By Total,0.0,0.0,South Dakota,85 years and over,806.0,4309.0,20985.0
1/1/20,4/24/21,By Total,0.0,0.0,Tennessee,Under 5 years,0.0,143.0,408605.0
1/1/20,4/24/21,By Total,0.0,0.0,Tennessee,5-14 years,0.0,203.0,844681.0
1/1/20,4/24/21,By Total,0.0,0.0,Tennessee,15-24 years,21.0,1395.0,869205.0
1/1/20,4/24/21,By Total,0.0,0.0,Tennessee,25-34 years,67.0,2949.0,949656.0
1/1/20,4/24/21,By Total,0.0,0.0,Tennessee,35-44 years,202.0,4360.0,847658.0
1/1/20,4/24/21,By Total,0.0,0.0,Tennessee,45-54 years,607.0,7808.0,871279.0
1/1/20,4/24/21,By Total,0.0,0.0,Tennessee,55-64 years,1603.0,17099.0,894697.0
1/1/20,4/24/21,By Total,0.0,0.0,Tennessee,65-74 years,3058.0,25234.0,681396.0
1/1/20,4/24/21,By Total,0.0,0.0,Tennessee,75-84 years,3722.0,28503.0,340228.0
1/1/20,4/24/21,By Total,0.0,0.0,Tennessee,85 years and over,3083.0,27292.0,121769.0
1/1/20,4/24/21,By Total,0.0,0.0,Texas,Under 5 years,0.0,487.0,1990891.0
1/1/20,4/24/21,By Total,0.0,0.0,Texas,5-14 years,18.0,752.0,4166702.0
1/1/20,4/24/21,By Total,0.0,0.0,Texas,15-24 years,112.0,4326.0,4055517.0
1/1/20,4/24/21,By Total,0.0,0.0,Texas,25-34 years,550.0,7620.0,4276763.0
1/1/20,4/24/21,By Total,0.0,0.0,Texas,35-44 years,1445.0,11626.0,3942439.0
1/1/20,4/24/21,By Total,0.0,0.0,Texas,45-54 years,3835.0,22432.0,3554098.0
1/1/20,4/24/21,By Total,0.0,0.0,Texas,55-64 years,8455.0,48769.0,3275242.0
1/1/20,4/24/21,By Total,0.0,0.0,Texas,65-74 years,13353.0,72076.0,2245028.0
1/1/20,4/24/21,By Total,0.0,0.0,Texas,75-84 years,13719.0,80526.0,1080742.0
1/1/20,4/24/21,By Total,0.0,0.0,Texas,85 years and over,11266.0,83528.0,408459.0
1/1/20,4/24/21,By Total,0.0,0.0,Utah,Under 5 years,0.0,42.0,247803.0
1/1/20,4/24/21,By Total,0.0,0.0,Utah,5-14 years,0.0,85.0,526961.0
1/1/20,4/24/21,By Total,0.0,0.0,Utah,15-24 years,0.0,444.0,518499.0
1/1/20,4/24/21,By Total,0.0,0.0,Utah,25-34 years,27.0,771.0,471806.0
1/1/20,4/24/21,By Total,0.0,0.0,Utah,35-44 years,62.0,1158.0,443453.0
1/1/20,4/24/21,By Total,0.0,0.0,Utah,45-54 years,148.0,1604.0,328430.0
1/1/20,4/24/21,By Total,0.0,0.0,Utah,55-64 years,280.0,3272.0,303134.0
1/1/20,4/24/21,By Total,0.0,0.0,Utah,65-74 years,550.0,5278.0,219466.0
1/1/20,4/24/21,By Total,0.0,0.0,Utah,75-84 years,645.0,7158.0,107832.0
1/1/20,4/24/21,By Total,0.0,0.0,Utah,85 years and over,640.0,8571.0,38574.0
1/1/20,4/24/21,By Total,0.0,0.0,Vermont,Under 5 years,0.0,0.0,29043.0
1/1/20,4/24/21,By Total,0.0,0.0,Vermont,5-14 years,0.0,0.0,64156.0
1/1/20,4/24/21,By Total,0.0,0.0,Vermont,15-24 years,0.0,57.0,86646.0
1/1/20,4/24/21,By Total,0.0,0.0,Vermont,25-34 years,0.0,133.0,74408.0
1/1/20,4/24/21,By Total,0.0,0.0,Vermont,35-44 years,0.0,222.0,71267.0
1/1/20,4/24/21,By Total,0.0,0.0,Vermont,45-54 years,0.0,372.0,78051.0
1/1/20,4/24/21,By Total,0.0,0.0,Vermont,55-64 years,14.0,910.0,95379.0
1/1/20,4/24/21,By Total,0.0,0.0,Vermont,65-74 years,32.0,1495.0,75206.0
1/1/20,4/24/21,By Total,0.0,0.0,Vermont,75-84 years,68.0,1987.0,35396.0
1/1/20,4/24/21,By Total,0.0,0.0,Vermont,85 years and over,102.0,2791.0,14437.0
1/1/20,4/24/21,By Total,0.0,0.0,Virginia,Under 5 years,0.0,101.0,505477.0
1/1/20,4/24/21,By Total,0.0,0.0,Virginia,5-14 years,0.0,164.0,1040121.0
1/1/20,4/24/21,By Total,0.0,0.0,Virginia,15-24 years,13.0,1132.0,1113447.0
1/1/20,4/24/21,By Total,0.0,0.0,Virginia,25-34 years,45.0,2135.0,1190381.0
1/1/20,4/24/21,By Total,0.0,0.0,Virginia,35-44 years,132.0,3123.0,1112496.0
1/1/20,4/24/21,By Total,0.0,0.0,Virginia,45-54 years,413.0,5777.0,1100274.0
1/1/20,4/24/21,By Total,0.0,0.0,Virginia,55-64 years,1117.0,13681.0,1114417.0
1/1/20,4/24/21,By Total,0.0,0.0,Virginia,65-74 years,2226.0,20863.0,802291.0
1/1/20,4/24/21,By Total,0.0,0.0,Virginia,75-84 years,2913.0,26128.0,402130.0
1/1/20,4/24/21,By Total,0.0,0.0,Virginia,85 years and over,3509.0,30728.0,154485.0
1/1/20,4/24/21,By Total,0.0,0.0,Washington,Under 5 years,0.0,76.0,456476.0
1/1/20,4/24/21,By Total,0.0,0.0,Washington,5-14 years,0.0,140.0,935771.0
1/1/20,4/24/21,By Total,0.0,0.0,Washington,15-24 years,12.0,878.0,929322.0
1/1/20,4/24/21,By Total,0.0,0.0,Washington,25-34 years,18.0,1651.0,1172075.0
1/1/20,4/24/21,By Total,0.0,0.0,Washington,35-44 years,78.0,2399.0,1028141.0
1/1/20,4/24/21,By Total,0.0,0.0,Washington,45-54 years,203.0,4332.0,923777.0
1/1/20,4/24/21,By Total,0.0,0.0,Washington,55-64 years,514.0,10077.0,959608.0
1/1/20,4/24/21,By Total,0.0,0.0,Washington,65-74 years,1045.0,16581.0,735524.0
1/1/20,4/24/21,By Total,0.0,0.0,Washington,75-84 years,1420.0,19701.0,339621.0
1/1/20,4/24/21,By Total,0.0,0.0,Washington,85 years and over,1770.0,25081.0,134578.0
1/1/20,4/24/21,By Total,0.0,0.0,West Virginia,Under 5 years,0.0,25.0,93025.0
1/1/20,4/24/21,By Total,0.0,0.0,West Virginia,5-14 years,0.0,37.0,203472.0
1/1/20,4/24/21,By Total,0.0,0.0,West Virginia,15-24 years,0.0,202.0,216856.0
1/1/20,4/24/21,By Total,0.0,0.0,West Virginia,25-34 years,0.0,641.0,214004.0
1/1/20,4/24/21,By Total,0.0,0.0,West Virginia,35-44 years,23.0,1019.0,213802.0
1/1/20,4/24/21,By Total,0.0,0.0,West Virginia,45-54 years,88.0,1788.0,229251.0
1/1/20,4/24/21,By Total,0.0,0.0,West Virginia,55-64 years,248.0,4043.0,254726.0
1/1/20,4/24/21,By Total,0.0,0.0,West Virginia,65-74 years,653.0,6421.0,217323.0
1/1/20,4/24/21,By Total,0.0,0.0,West Virginia,75-84 years,848.0,7498.0,109552.0
1/1/20,4/24/21,By Total,0.0,0.0,West Virginia,85 years and over,784.0,7265.0,40136.0
1/1/20,4/24/21,By Total,0.0,0.0,Wisconsin,Under 5 years,0.0,61.0,330496.0
1/1/20,4/24/21,By Total,0.0,0.0,Wisconsin,5-14 years,0.0,122.0,714031.0
1/1/20,4/24/21,By Total,0.0,0.0,Wisconsin,15-24 years,0.0,683.0,768140.0
1/1/20,4/24/21,By Total,0.0,0.0,Wisconsin,25-34 years,34.0,1441.0,741222.0
1/1/20,4/24/21,By Total,0.0,0.0,Wisconsin,35-44 years,73.0,1969.0,713075.0
1/1/20,4/24/21,By Total,0.0,0.0,Wisconsin,45-54 years,238.0,3600.0,715209.0
1/1/20,4/24/21,By Total,0.0,0.0,Wisconsin,55-64 years,642.0,9215.0,823018.0
1/1/20,4/24/21,By Total,0.0,0.0,Wisconsin,65-74 years,1508.0,15042.0,594748.0
1/1/20,4/24/21,By Total,0.0,0.0,Wisconsin,75-84 years,2308.0,19330.0,294186.0
1/1/20,4/24/21,By Total,0.0,0.0,Wisconsin,85 years and over,3148.0,27335.0,128309.0
1/1/20,4/24/21,By Total,0.0,0.0,Wyoming,Under 5 years,0.0,0.0,34931.0
1/1/20,4/24/21,By Total,0.0,0.0,Wyoming,5-14 years,0.0,12.0,76734.0
1/1/20,4/24/21,By Total,0.0,0.0,Wyoming,15-24 years,0.0,84.0,74590.0
1/1/20,4/24/21,By Total,0.0,0.0,Wyoming,25-34 years,0.0,184.0,76433.0
1/1/20,4/24/21,By Total,0.0,0.0,Wyoming,35-44 years,0.0,239.0,74285.0
1/1/20,4/24/21,By Total,0.0,0.0,Wyoming,45-54 years,24.0,371.0,63853.0
1/1/20,4/24/21,By Total,0.0,0.0,Wyoming,55-64 years,60.0,942.0,78754.0
1/1/20,4/24/21,By Total,0.0,0.0,Wyoming,65-74 years,137.0,1454.0,60590.0
1/1/20,4/24/21,By Total,0.0,0.0,Wyoming,75-84 years,190.0,1739.0,27598.0
1/1/20,4/24/21,By Total,0.0,0.0,Wyoming,85 years and over,198.0,1972.0,10991.0
